,ticker,stock_id,close_mean,close_median,close_std,close_min,close_max,daily_move_mean,daily_move_median,daily_move_min,daily_move_max,daily_move_pct_mean,daily_move_pct_median,daily_move_pct_min,daily_move_pct_max,in_nasdaq_100_first,distance_first,problem_tick,symbol,name,marketCap,country,ipoyear,industry,sector,country_id,industry_id,sector_id,is_usa
0,AAL,122,15.815618556701033,15.525,2.5961666854001146,10.92,22.26,0.6026536082474226,0.5500000000000007,0.16749999999999865,1.9799999999999969,0.038191185555394615,0.03512847693047216,0.012140575079872172,0.14408099688473516,False,0.10537289428852245,False,AAL,American Airlines Group Inc. Common Stock,8238912928.00,United States,,Air Freight/Delivery Services,Consumer Discretionary,48,6,2,True
1,ABNB,15,132.33765463917527,125.16499999999999,26.99772203125812,82.49,207.21,5.4029793814432985,4.654999999999987,1.3999999999999915,19.080000000000013,0.04089304525594585,0.03698741644529874,0.012315270935960515,0.11365321470183248,True,0.13655091292342494,False,ABNB,Airbnb Inc. Class A Common Stock,86755425197.00,United States,2020,Hotels/Resorts,Consumer Discretionary,48,67,2,True
2,ADBE,14,459.6890206185567,436.385,111.0567894077883,275.2,688.37,12.703740549828177,11.117500000000007,3.5,57.79000000000008,0.028394823525041833,0.02574526336089881,0.007703781409300342,0.10590315208486052,True,0.20324391803459899,False,ADBE,Adobe Inc. Common Stock,230542620000.00,United States,1986,Computer Software: Prepackaged Software,Technology,48,36,10,True
3,ADI,72,169.94080756013747,170.09500000000003,13.8229281404478,136.73,199.53,4.187243986254295,3.8400000000000034,1.4699999999999989,12.014999999999986,0.02495753114767669,0.02261111301872476,0.007796340493237862,0.0760869565217391,True,0.12823282257056728,False,ADI,Analog Devices Inc. Common Stock,86113634736.00,United States,,Semiconductors,Technology,48,131,10,True
4,ADP,37,227.12189003436427,225.5,16.360004848469078,196.29,269.9,4.295256013745703,3.769999999999996,1.3100000000000023,16.099999999999994,0.018970383517605376,0.016836368966750483,0.0060145487056528215,0.06879165954537683,True,0.07741859713541792,False,ADP,Automatic Data Processing Inc. Common Stock,99960374268.00,United States,,EDP Services,Technology,48,49,10,True
5,ADSK,157,222.7633762886598,207.995,40.14047582512518,164.31,342.27,6.571310996563575,5.827500000000001,2.0200000000000102,23.30000000000001,0.03000141308969082,0.026758507761829958,0.008688485181496524,0.09069676917088366,True,0.11354250054521321,False,ADSK,Autodesk Inc. Common Stock,43240107481.00,United States,,Computer Software: Prepackaged Software,Technology,48,36,10,True
6,AEP,195,89.52664948453608,89.38,7.543694448478483,71.33,105.18,1.711094673539519,1.5649999999999977,0.5499999999999972,5.159999999999997,0.019122652612507122,0.017484302185045913,0.006084070796460145,0.05590941259731079,True,0.07360584604154505,False,AEP,American Electric Power Company Inc. Common Stock,39081254698.00,United States,,Electric Utilities: Central,Utilities,48,51,12,True
7,AFRM,174,40.05024054982818,21.634999999999998,39.99839084040203,8.91,168.52,3.430794158075601,1.8500000000000014,0.3600000000000012,33.56999999999999,0.08741793595568434,0.07829310844144476,0.022727272727272648,0.5720858895705521,False,0.3007901457517827,False,AFRM,Affirm Holdings Inc. Class A Common Stock,6063751486.00,United States,2021,Business Services,Consumer Discretionary,48,28,2,True
8,AGNC,117,11.75221649484536,11.31,2.568746568682183,6.94,16.6,0.26309725085910657,0.23000000000000043,0.07000000000000028,0.8699999999999992,0.023855692499798686,0.019881493981581823,0.005548705302096169,0.10648714810281508,False,0.08038785860773348,False,AGNC,AGNC Investment Corp. Common Stock,5685005731.00,United States,2008,Real Estate Investment Trusts,Real Estate,48,123,9,True
9,AKAM,24,98.2375945017182,97.06,12.748608700864157,70.75,121.92,1.9367245704467355,1.6799999999999926,0.5899999999999892,8.379999999999995,0.019829323160147808,0.017786691826399526,0.006207378912397342,0.09216434665469234,False,0.0692762008188506,False,AKAM,Akamai Technologies Inc. Common Stock,16227254247.00,United States,1999,Business Services,Consumer Discretionary,48,28,2,True
10,ALGN,74,374.11602233676973,318.08500000000004,161.71527913020344,174.58,729.92,13.65751202749141,11.584999999999994,2.710000000000008,54.72000000000003,0.038294816307406596,0.03406187829760894,0.010220994475138247,0.14507105015596367,True,0.16307847923178823,False,ALGN,Align Technology Inc. Common Stock,23088687823.00,United States,2001,Industrial Specialties,Health Care,48,69,6,True
11,ALNY,19,184.73826161790015,189.74,28.176823293947333,120.42,241.31,6.688089500860584,5.899999999999977,2.5900000000000034,37.120000000000005,0.0366265893333166,0.03248564397046758,0.013521288837744502,0.1917323567748742,False,0.11911615636203851,False,ALNY,Alnylam Pharmaceuticals Inc. Common Stock,22107615313.00,United States,2004,Biotechnology: Pharmaceutical Preparations,Health Care,48,21,6,True
12,AMAT,141,123.38271477663231,125.97999999999999,20.476411840036217,74.41,167.0,4.038704467353951,3.5849999999999937,1.3999999999999915,14.369999999999976,0.033139521940281615,0.030028230090583224,0.011005958640027992,0.13094938302694525,False,0.13632533071041303,False,AMAT,Applied Materials Inc. Common Stock,112982262051.00,United States,1972,Semiconductors,Technology,48,131,10,True
13,AMD,95,100.27842783505155,101.88,22.095667462893157,55.94,161.91,4.333080756013745,3.8200000000000003,1.2900000000000063,15.900000000000006,0.04312104794628796,0.03958289658229447,0.012948960302457376,0.13571302350238557,True,0.20243195797400576,False,AMD,Advanced Micro Devices Inc. Common Stock,158448892237.00,United States,,Semiconductors,Technology,48,131,10,True
14,AMGN,12,241.0753092783505,239.18,20.463484715531834,198.88,292.39,4.557323024054983,4.150000000000006,1.2699999999999818,14.449999999999989,0.01890085227128853,0.017543760270483377,0.005207906175674492,0.05396171871578114,True,0.09019337340232583,False,AMGN,Amgen Inc. Common Stock,143877719665.00,United States,1983,Biotechnology: Biological Products (No Diagnostic Substances),Health Care,48,16,6,True
15,AMZN,168,131.08799828178692,129.155,26.798185118275985,81.82,184.8,3.753373195876289,3.4100000000000037,1.0500000000000114,12.25,0.029578995166387713,0.026755105823099666,0.006606460997636241,0.08802562248166128,True,0.11400996888966614,False,AMZN,Amazon.com Inc. Common Stock,1299830245280.00,United States,1997,Catalog/Specialty Distribution,Consumer Discretionary,48,30,2,True
16,APA,147,36.31878006872852,37.775,7.618417605070454,16.0,51.39,1.5201407216494847,1.360000000000003,0.4399999999999977,5.780000000000001,0.04233667606542585,0.039048131550945095,0.011665141811528022,0.15401012523314683,False,0.11417076869338003,False,APA,APA Corporation Common Stock,13021907822.00,United States,,Oil & Gas Production,Energy,48,96,4,True
17,APLS,158,52.93460481099656,48.97,15.735509882813718,23.65,93.31,2.83497852233677,2.519999999999998,0.6799999999999997,16.910300000000007,0.05704220284802094,0.04872349073627042,0.013504388926401113,0.39275000000000004,False,0.12888185685304146,False,APLS,Apellis Pharmaceuticals Inc. Common Stock,4572327618.00,United States,2017,Biotechnology: Pharmaceutical Preparations,Health Care,48,21,6,True
18,APP,172,41.20418384879725,36.4,25.973912479568103,9.3,114.85,2.4226494845360826,1.6249999999999991,0.2400000000000002,14.739999999999995,0.058082382320125435,0.053349771828115435,0.01609671448403522,0.2245508982035928,False,0.18370106450691662,False,APP,Applovin Corporation Class A Common Stock,13758795241.00,United States,2021,EDP Services,Technology,48,49,10,True
19,ASO,124,46.696082474226806,45.31,8.681579145998109,27.61,68.26,1.8475620274914089,1.6899999999999977,0.6799999999999997,7.719999999999999,0.04073414776254243,0.03716632059193409,0.014008218154650729,0.19536530415191503,False,0.15365643917831062,False,ASO,Academy Sports and Outdoors Inc. Common Stock,3459159790.00,United States,2020,Recreational Games/Products/Toys,Consumer Discretionary,48,124,2,True
20,ATVI,38,78.67471971066908,78.51,7.264933368630654,57.28,94.47,1.1552674502712477,0.980000000000004,0.12000000000000455,10.36,0.015117813855099664,0.012562491988206508,0.001303356142065869,0.11385866578744917,False,0.06657903787291823,False,ATVI,Activision Blizzard Inc. Common Stock,73896098214.00,United States,,Computer Software: Prepackaged Software,Technology,48,36,10,True
21,AVGO,142,622.7595360824743,580.73,139.359358153473,427.1,995.71,15.74498109965636,13.854499999999973,2.8799999999999955,122.97000000000003,0.025222254924394543,0.022561276295890442,0.00598217809442701,0.153073418477855,True,0.2669663280215565,False,AVGO,Broadcom Inc. Common Stock,337126487022.00,United States,2009,Semiconductors,Technology,48,131,10,True
22,AXON,2,165.54426116838488,177.23,39.354464132161745,84.37,229.58,5.527412371134021,4.890000000000008,1.8700000000000045,37.789000000000016,0.03515619915039329,0.031114002659884375,0.01145123449893857,0.2059089538739826,False,0.1078102184095591,False,AXON,Axon Enterprise Inc. Common Stock,14552031859.00,United States,2001,Ordnance And Accessories,Industrials,48,101,7,True
23,BKNG,8,2375.1123711340206,2374.42,393.95499840446564,1634.61,3243.01,63.26664948453606,56.465000000000146,22.300000000000182,216.75,0.027497775348184213,0.02445020371235295,0.008332461476377727,0.09756624006991199,True,1.2326627039527143,False,BKNG,Booking Holdings Inc. Common Stock,110026781615.00,United States,,Transportation Services,Consumer Discretionary,48,140,2,True
24,BKR,199,29.34295532646048,29.0,4.551351696639516,20.19,38.72,0.9329644329896908,0.8224999999999998,0.2700000000000031,3.5700000000000003,0.03211055023146906,0.029131611435145886,0.007674815235929594,0.10240048617441501,True,0.1024074861435921,False,BKR,Baker Hughes Company Class A Common Stock,36599955470.00,United States,,Metal Fabrications,Industrials,48,83,7,True
25,BYND,70,36.58553264604811,18.13,33.221125470289294,5.68,130.32,2.2316178694158078,1.6249999999999991,0.25,12.030000000000001,0.07062275469358308,0.0638499062212298,0.018528969149736636,0.3548644338118022,False,0.3163336952637082,False,BYND,Beyond Meat Inc. Common Stock,611665015.00,United States,2019,Packaged Foods,Consumer Staples,48,107,3,True
26,CAR,85,191.81631443298969,186.42000000000002,46.041559307980144,74.95,357.17,10.87914089347079,8.398999999999987,2.1200000000000045,372.11,0.05448153275620076,0.04702937113528027,0.01203284378042066,1.0418288210096032,False,0.16917320123577334,False,CAR,Avis Budget Group Inc. Common Stock,6909865441.00,United States,,Rental/Leasing Companies,Consumer Discretionary,48,125,2,True
27,CDNS,75,184.1869759450172,172.775,33.727323486029256,134.95,272.62,4.835329896907217,4.435000000000002,0.9899999999999807,16.959000000000003,0.02693360801266931,0.024175152481802964,0.0062429057888761545,0.08467525496510989,True,0.16963733713173684,False,CDNS,Cadence Design Systems Inc. Common Stock,62688363500.00,United States,,Computer Software: Prepackaged Software,Technology,48,36,10,True
28,CDW,116,184.88481099656357,185.49,14.98888777891469,152.59,218.92,4.008886597938145,3.5999999999999943,1.4300000000000068,15.975000000000023,0.021906327290458993,0.019460056792362027,0.006919417615684002,0.08109137055837574,False,0.09105365615658453,False,CDW,CDW Corporation Common Stock,26633967913.00,United States,2013,Catalog/Specialty Distribution,Consumer Discretionary,48,30,2,True
29,CFLT,129,36.67501718213059,29.665,17.90560095402164,16.28,93.6,2.6407209621993126,1.865000000000002,0.5249999999999986,17.870000000000005,0.07020598718952675,0.06298934706315064,0.022503725782414385,0.22752710738020285,False,0.20714439600981804,False,CFLT,Confluent Inc. Class A Common Stock,8845832239.00,United States,2021,EDP Services,Technology,48,49,10,True
30,CG,145,37.46298109965636,33.665000000000006,9.282883351990622,25.43,60.14,1.1810221649484536,1.0,0.32500000000000284,4.75,0.03161063043796276,0.0284194214876033,0.008384907167099255,0.11456825856246985,False,0.08466408321939253,False,CG,The Carlyle Group Inc. Common Stock,10683378684.00,United States,2012,Investment Managers,Finance,48,72,5,True
31,CHK,155,81.64312714776632,82.935,13.071675407130586,51.97,104.75,2.860314948453608,2.520000000000003,0.7459999999999951,9.709999999999994,0.03499691250481981,0.03231873392105061,0.008786808009422793,0.11435682473146455,False,0.11107349292282495,False,CHK,Chesapeake Energy Corporation Common Stock,11461870544.00,United States,,Oil & Gas Production,Energy,48,96,4,True
32,CHRW,167,97.52646907216494,97.485,7.805589557865425,78.97,119.55,2.3433549828178695,2.1099999999999994,0.7600000000000051,11.929999999999993,0.023917289797472464,0.02189252007346776,0.008399685011812002,0.11217677480018799,False,0.10781500844909446,False,CHRW,C.H. Robinson Worldwide Inc. Common Stock,10046862400.00,United States,1997,Oil Refining/Marketing,Consumer Discretionary,48,97,2,True
33,CINF,52,111.74847079037801,110.42,10.892123615978408,89.57,141.25,2.4211439862542954,2.207499999999996,0.6800000000000068,12.739999999999995,0.02166884459673862,0.01962807743422635,0.00648483692542444,0.127047502047502,False,0.08788518422437777,False,CINF,Cincinnati Financial Corporation Common Stock,16422840161.00,United States,,Property-Casualty Insurers,Finance,48,117,5,True
34,CMCSA,198,43.22025773195876,42.015,7.251174877958777,28.68,61.75,0.9308340206185567,0.8249999999999993,0.2600000000000051,5.450000000000003,0.02187964553559239,0.01910065391514605,0.007014542343883724,0.09803921568627455,True,0.06481822270210585,False,CMCSA,Comcast Corporation Class A Common Stock,183980928410.00,United States,,Cable & Other Pay Television Services,Telecommunications,48,29,11,True
35,CME,44,201.03514604810997,199.8275,20.293343914953457,167.68,250.76,3.9290429553264614,3.530000000000001,1.174999999999983,13.669999999999987,0.019467824282339015,0.017311699818384638,0.0054122524182403636,0.06050546629487003,False,0.0971170356691309,False,CME,CME Group Inc. Class A Common Stock,72336983419.00,United States,2002,Investment Bankers/Brokers/Service,Finance,48,71,5,True
36,COIN,11,121.74401202749141,75.295,85.95922548141495,32.53,357.39,7.923935738831615,6.160000000000011,1.3000000000000043,29.50999999999999,0.0750338973193465,0.06653856970893833,0.020705116933356815,0.3328205128205128,False,0.30456760310713965,False,COIN,Coinbase Global Inc. Class A Common Stock,16962844971.00,United States,,Finance: Consumer Services,Finance,48,60,5,True
37,COST,163,511.97711340206183,511.185,39.01998928901044,416.43,608.05,10.088355670103095,8.987500000000011,2.7899999999999636,39.31,0.019801289590573347,0.017526983937369213,0.005228047820709747,0.09154634373544482,True,0.16539588024326737,False,COST,Costco Wholesale Corporation Common Stock,249727463498.00,United States,,Department/Specialty Retail Stores,Consumer Discretionary,48,44,2,True
38,CPRT,164,65.78211340206185,64.4,12.361256174748352,42.62,93.74,1.4553778350515465,1.3099999999999952,0.44999999999999574,6.469999999999999,0.022667180626520237,0.020212934483329364,0.0072062797580749235,0.08427581174753734,True,0.09623177427293401,False,CPRT,Copart Inc. (DE) Common Stock,41034615628.00,United States,1994,Other Specialty Stores,Consumer Discretionary,48,105,2,True
39,CROX,33,103.48490549828178,100.795,31.452859191573705,47.21,180.57,4.713228694158076,4.130000000000003,1.375399999999999,21.160000000000025,0.04733509353588916,0.04304666776813808,0.014202808756712093,0.1628828279750114,False,0.17906299386272248,False,CROX,Crocs Inc. Common Stock,5212638456.00,United States,2006,Shoe Manufacturing,Consumer Discretionary,48,133,2,True
40,CRWD,60,175.643264604811,169.07,46.169164371056205,94.72,293.18,7.788647766323023,6.704999999999998,2.3100000000000023,30.830000000000013,0.04454062675538973,0.03975996224620682,0.014258893756318246,0.16858048993875774,True,0.13773887708772478,False,CRWD,CrowdStrike Holdings Inc. Class A Common Stock,38932028291.00,United States,2019,Computer Software: Prepackaged Software,Technology,48,36,10,True
41,CSCO,151,51.04327319587629,51.05,5.22780407419257,39.27,63.96,0.9204302405498282,0.8200000000000003,0.3299999999999983,2.9099999999999966,0.018184648472245,0.016250064952595372,0.006375066406941729,0.06975071907957806,False,0.057411235658338354,False,CSCO,Cisco Systems Inc. Common Stock (DE),215718434056.00,United States,1990,Computer Communications Equipment,Telecommunications,48,34,11,True
42,CSGP,189,75.20132302405499,77.055,9.231632877166447,53.27,99.74,1.8865515463917528,1.6849999999999952,0.4000000000000057,10.310000000000002,0.025783770939248725,0.022746882083650267,0.005725737188663121,0.1927102803738318,True,0.09078399407983977,False,CSGP,CoStar Group Inc. Common Stock,31176499410.00,United States,1998,Business Services,Consumer Discretionary,48,28,2,True
43,CSX,109,32.18190721649484,31.869999999999997,2.4167236405695256,26.51,37.8,0.6812319587628867,0.6000000000000014,0.25,2.559999999999995,0.021204162044246577,0.018993291572260054,0.007442691277165823,0.071529146719234,True,0.06228224336811759,False,CSX,CSX Corporation Common Stock,60751674126.00,United States,,Railroads,Industrials,48,121,7,True
44,CTAS,39,435.03092783505156,434.24,43.91553486614937,347.35,554.82,8.16081786941581,7.444999999999993,2.8600000000000136,25.370000000000005,0.01909190951271735,0.017069626013983222,0.00628076028088386,0.0612494272185734,True,0.14574214282491024,False,CTAS,Cintas Corporation Common Stock,48945831609.00,United States,1983,Apparel,Consumer Discretionary,48,8,2,True
45,CTSH,186,70.4772852233677,68.15,9.74648667982939,51.96,93.12,1.467657731958763,1.2800000000000011,0.45999999999999375,7.579999999999998,0.020818342350205535,0.01880732266852906,0.005861136158701488,0.1029891304347826,True,0.07793101347841011,False,CTSH,Cognizant Technology Solutions Corporation Class A Common Stock,34443822934.00,United States,1998,EDP Services,Technology,48,49,10,True
46,CZR,40,61.07416666666667,50.765,22.577193564012955,32.26,119.49,2.8153884879725086,2.414999999999999,0.7399999999999949,10.759999999999991,0.04688280151618299,0.04281518499312148,0.014741035856573603,0.13582584003786075,False,0.15854053087098646,False,CZR,Caesars Entertainment Inc. Common Stock,9899028361.00,United States,,Hotels/Resorts,Consumer Discretionary,48,67,2,True
47,DBX,154,24.320068728522337,23.42,3.2120458510869936,18.97,32.44,0.6455139175257733,0.5837000000000003,0.17999999999999972,3.9399999999999977,0.026996726498730854,0.02412242616602294,0.00751032669921139,0.14167565623876296,False,0.07588358138600518,False,DBX,Dropbox Inc. Class A Common Stock,9432280106.00,United States,2018,Computer Software: Prepackaged Software,Technology,48,36,10,True
48,DDOG,184,108.78374570446735,97.68,32.96495493468363,62.69,196.56,5.7856977663230245,4.612500000000004,1.2600000000000051,23.689999999999998,0.05256484741127449,0.046851922785700925,0.011502647434727087,0.1855014534883721,True,0.14966351468344585,False,DDOG,Datadog Inc. Class A Common Stock,28544702484.00,United States,2019,EDP Services,Technology,48,49,10,True
49,DKNG,135,24.801374570446736,20.69,12.365268241833736,10.27,63.67,1.3376589347079038,1.1550000000000002,0.3100000000000005,5.690000000000005,0.059330242829758656,0.05211670689012409,0.018018018018017976,0.25641025641025644,False,0.1394544124893023,False,DKNG,DraftKings Inc. Class A Common Stock,24869813177.00,United States,2019,Services-Misc. Amusement & Recreation,Consumer Discretionary,48,132,2,True
50,DLTR,36,138.2435996563574,142.14,21.239920784026957,84.54,174.08,3.558823024054983,3.123499999999993,0.8599999999999994,16.75,0.02569527281360563,0.022218141466690926,0.007195696032279904,0.12518684603886396,True,0.1681436160371608,False,DLTR,Dollar Tree Inc. Common Stock,23177583323.00,United States,1995,Department/Specialty Retail Stores,Consumer Discretionary,48,44,2,True
51,DOCU,91,98.70070446735394,60.22,78.2578502032592,38.53,310.05,4.394204982817869,3.335000000000008,0.6199999999999974,23.890000000000015,0.04725992012247138,0.042760524158216975,0.0145049324077456,0.1768450662521283,False,0.11028945720537116,False,DOCU,DocuSign Inc. Common Stock,8396433947.00,United States,1989,EDP Services,Technology,48,49,10,True
52,DXCM,190,110.91106529209621,112.585,20.604606268152992,67.99,162.82,3.9792738831615115,3.6199999999999974,1.3900000000000006,18.890000000000015,0.03705706048767891,0.032655552364134824,0.011068372713713765,0.12668846864780317,True,0.11821481058021771,False,DXCM,DexCom Inc. Common Stock,35719113694.00,United States,2005,Medical/Dental Instruments,Health Care,48,81,6,True
53,EA,187,127.79745704467354,127.4,7.639542032892708,109.19,146.6,2.705146048109966,2.3800000000000026,0.7299999999999898,12.159999999999997,0.021079969387650634,0.01873300373663491,0.006501603135019502,0.10092123827703542,True,0.0780690604371593,False,EA,Electronic Arts Inc. Common Stock,31959448176.00,United States,,Computer Software: Prepackaged Software,Technology,48,36,10,True
54,EBAY,53,50.96945017182131,45.625,11.36328326593375,36.81,80.59,1.3817853951890031,1.1999999999999993,0.4299999999999997,6.109999999999999,0.027093648017422166,0.024320664912955526,0.00931634470475417,0.1102092352092352,True,0.07415250251726972,False,EBAY,eBay Inc. Common Stock,22824230457.00,United States,1998,Business Services,Consumer Discretionary,48,28,2,True
55,ENPH,162,196.2438058419244,185.48000000000002,58.98455820555128,75.56,336.0,10.563186597938143,9.540000000000006,2.1499999999999915,37.25,0.05361553270173089,0.048293780100220327,0.019706922688226408,0.19925347811333569,True,0.1503542981509511,False,ENPH,Enphase Energy Inc. Common Stock,16377643851.00,United States,2012,Semiconductors,Technology,48,131,10,True
56,ENTG,89,103.47517182130585,102.615,22.08312804197917,62.71,154.75,3.7780931271477662,3.389999999999997,1.1999999999999886,13.77000000000001,0.03694999220363728,0.03337058123119477,0.011685363247863248,0.19933868682097303,False,0.15111217201195845,False,ENTG,Entegris Inc. Common Stock,13412175265.00,United States,2000,Plastic Products,Industrials,48,110,7,True
57,EQIX,71,722.8110996563573,720.98,71.23197157178683,505.39,882.83,16.932520618556698,15.284999999999968,4.75,57.75,0.023725274158818425,0.021536739953127174,0.007040583404974357,0.08827710603952979,False,0.2585490359915257,False,EQIX,Equinix Inc. Common Stock REIT,66159759882.00,United States,2000,Real Estate Investment Trusts,Real Estate,48,123,9,True
58,ETSY,56,126.6456357388316,108.31,54.89976133937289,60.66,296.91,6.325465120274914,5.3836999999999975,1.1899999999999906,47.329999999999984,0.04984169875750565,0.04556838857445994,0.01430372381691228,0.17447561470122014,False,0.14166496973848536,False,ETSY,Etsy Inc. Common Stock,7613324082.00,United States,2015,Business Services,Consumer Discretionary,48,28,2,True
59,EXC,65,41.133213058419244,40.91,3.529962843875372,33.36,50.25,0.8197426116838488,0.7249999999999979,0.22000000000000597,3.1499999999999986,0.019879904265017345,0.017796886689091088,0.006323656223052773,0.07221458046767534,True,0.06117353173819183,False,EXC,Exelon Corporation Common Stock,38614504766.00,United States,,Power Generation,Utilities,48,112,12,True
60,EXPD,25,111.56015463917527,111.82,10.233532717812807,86.78,135.62,2.6282611683848796,2.3599999999999994,0.8999999999999915,9.829999999999998,0.023741077032734315,0.02111074216057575,0.007401315789473614,0.09401300688599845,False,0.08559961368858464,False,EXPD,Expeditors International of Washington Inc. Common Stock,16809993024.00,United States,,Oil Refining/Marketing,Consumer Discretionary,48,97,2,True
61,EXPE,139,126.62616838487972,109.725,34.85928607988317,83.69,213.8,4.553788659793814,3.8600000000000065,1.1200000000000045,23.369999999999976,0.03564011734179515,0.03241043231732384,0.01154282180768839,0.15547867740003976,False,0.1335316636073813,False,EXPE,Expedia Group Inc. Common Stock,14372304358.00,United States,,Transportation Services,Consumer Discretionary,48,140,2,True
62,FANG,28,131.03835051546392,133.775,20.89303476227052,67.88,169.92,4.4935790378006875,4.054999999999993,0.9699999999999989,13.689999999999998,0.035185857407777306,0.03278833316456765,0.006410680060802319,0.11194701120287838,True,0.08947193995577875,False,FANG,Diamondback Energy Inc. Common Stock,28115620491.00,United States,2012,Oil & Gas Production,Energy,48,96,4,True
63,FAST,55,54.205300687285224,54.215,4.077758081096933,43.87,64.42,1.1013785223367698,1.019999999999996,0.29999999999999716,3.940000000000005,0.020542454974513208,0.018710815099960754,0.0057328492260653,0.08399230604830091,True,0.07635129054529757,False,FAST,Fastenal Company Common Stock,31457595200.00,United States,1987,RETAIL: Building Materials,Consumer Discretionary,48,119,2,True
64,FCNCA,101,920.1832989690722,828.875,254.54107273123958,509.06,1512.07,26.428018900343645,22.825000000000045,6.509999999999991,110.3599999999999,0.02938257962349198,0.02542834225779496,0.008161133039238417,0.12625585220802238,False,0.7042705690310569,False,FCNCA,First Citizens BancShares Inc. Class A Common Stock,19871973332.00,United States,,Major Banks,Finance,48,74,5,True
65,FCNCA,118,920.1832989690722,828.875,254.54107273123958,509.06,1512.07,26.428018900343645,22.825000000000045,6.509999999999991,110.3599999999999,0.02938257962349198,0.02542834225779496,0.008161133039238417,0.12625585220802238,False,0.3234213204075614,False,FCNCA,First Citizens BancShares Inc. Class A Common Stock,19871973332.00,United States,,Major Banks,Finance,48,74,5,True
66,FFIV,90,170.92029209621992,157.55,30.490172397402304,130.29,247.78,4.038310996563574,3.530000000000001,1.0800000000000125,19.150000000000006,0.02347503648214727,0.02142098002658172,0.007391185327128473,0.09457257148501164,False,0.07792374919287051,False,FFIV,F5 Inc. Common Stock,9346099201.00,United States,1999,Computer Communications Equipment,Telecommunications,48,34,11,True
67,FITB,49,34.922972508591066,35.035,7.2142186003067765,22.89,50.45,0.9735541237113403,0.8399999999999963,0.24499999999999744,5.710000000000001,0.028416636955182772,0.025005002000800344,0.00794956140350875,0.21752380952380956,False,0.1203208749436733,False,FITB,Fifth Third Bancorp Common Stock,16926894499.00,United States,,Major Banks,Finance,48,74,5,True
68,FIVE,173,173.75559278350516,177.255,27.635065464670884,112.99,236.21,5.9750206185567,5.445000000000007,1.7849999999999966,20.52000000000001,0.03549593397280937,0.03190627297209209,0.008886344401851928,0.12485060951318609,False,0.1458080224296521,False,FIVE,Five Below Inc. Common Stock,8413000542.00,United States,2012,Department/Specialty Retail Stores,Consumer Discretionary,48,44,2,True
69,FOXA,120,34.748848797250865,33.74,3.6319959209125283,28.17,44.0,0.8652149484536084,0.7700000000000031,0.25,2.7550000000000026,0.02484842997996125,0.02262309995061411,0.0075895567698846395,0.08901453957996777,False,0.07128403487783354,False,FOXA,Fox Corporation Class A Common Stock,15128073614.00,United States,,Broadcasting,Industrials,48,24,7,True
70,FTNT,176,60.24102233676976,60.03,7.112017673037654,45.93,80.28,2.0775274914089343,1.8399999999999963,0.519999999999996,9.420000000000002,0.034815040933068,0.031047879168344502,0.008704693998811625,0.16166123219495454,True,0.10761381759050213,False,FTNT,Fortinet Inc. Common Stock,45659489517.00,United States,2009,Computer peripheral equipment,Technology,48,38,10,True
71,GEN,73,22.42568728522337,22.625,3.5018193636407835,15.46,30.76,0.5659642611683849,0.490000000000002,0.16000000000000014,3.8999999999999986,0.025180939721474744,0.022250902138591988,0.009075439591605228,0.14936805821524315,False,0.09955155065971623,False,GEN,Gen Digital Inc. Common Stock,11445959944.00,United States,,Computer Software: Prepackaged Software,Technology,48,36,10,True
72,GH,180,54.75518041237113,46.870000000000005,30.106336328116143,20.94,132.17,3.1274548109965634,2.6799999999999997,0.5799999999999983,15.989999999999995,0.05938609830362265,0.05303700152408543,0.016186556927297764,0.2878942014242116,False,0.17319087350086151,False,GH,Guardant Health Inc. Common Stock,3250656272.00,United States,2018,Medical Specialities,Health Care,48,80,6,True
73,GILD,123,72.29634020618558,72.05000000000001,8.429518349948362,57.72,89.47,1.3386573883161512,1.1949999999999967,0.39990000000000236,5.6200000000000045,0.018554182256304976,0.016849717456303225,0.005344113323533374,0.07089693452756408,True,0.06358838727000495,False,GILD,Gilead Sciences Inc. Common Stock,94136384369.00,United States,1992,Biotechnology: Biological Products (No Diagnostic Substances),Health Care,48,16,6,True
74,GOOGL,84,120.62860824742269,122.31,17.872619922556915,83.43,149.84,2.881403780068729,2.6025000000000205,0.8100000000000023,9.25,0.024389876486931465,0.02269947423191502,0.005701013513513529,0.06754370475013236,True,0.11258668784670099,False,GOOGL,Alphabet Inc. Class A Common Stock,1645978860000.00,United States,2004,Computer Software: Programming Data Processing,Technology,48,37,10,True
75,GOOGL,175,120.62860824742269,122.31,17.872619922556915,83.43,149.84,2.881403780068729,2.6025000000000205,0.8100000000000023,9.25,0.024389876486931465,0.02269947423191502,0.005701013513513529,0.06754370475013236,True,0.09068139681027639,False,GOOGL,Alphabet Inc. Class A Common Stock,1645978860000.00,United States,2004,Computer Software: Programming Data Processing,Technology,48,37,10,True
76,HAS,76,75.0606443298969,72.32,16.81929836198982,42.88,103.92,1.8794513745704466,1.620000000000001,0.4650000000000034,7.679999999999993,0.025499916012936313,0.022215083027553595,0.007177033492823019,0.0937854710556186,False,0.07810449531624067,False,HAS,Hasbro Inc. Common Stock,9016769401.00,United States,,Recreational Games/Products/Toys,Consumer Discretionary,48,124,2,True
77,HBAN,26,13.43987972508591,13.83,2.0449269295745185,9.28,17.63,0.36220635738831614,0.3200000000000003,0.1399999999999988,2.58,0.027411556263347243,0.0246517759728452,0.009079118028534408,0.2334841628959276,False,0.11122622317587834,False,HBAN,Huntington Bancshares Incorporated Common Stock,14652570232.00,United States,,Major Banks,Finance,48,74,5,True
78,HOLX,170,74.52616838487972,74.69,5.087554852897045,60.97,87.67,1.5405335051546394,1.3800000000000097,0.4449999999999932,4.6299999999999955,0.02081165597672796,0.018969649377636635,0.005912835503587472,0.06451104100946367,False,0.060587438909763015,False,HOLX,Hologic Inc. Common Stock,16959789688.00,United States,1990,Medical Electronics,Health Care,48,79,6,True
79,HON,3,198.64611683848796,196.34,14.543468515500981,166.97,234.18,3.595503436426116,3.3549999999999898,1.329999999999984,10.530000000000001,0.018242743241097883,0.016778447850168274,0.006515360717984082,0.05164742326105315,True,0.08200934130256618,False,HON,Honeywell International Inc. Common Stock,124745074032.00,United States,,Aerospace,Industrials,48,4,7,True
80,HOOD,78,15.097963917525773,10.215,11.379475583916902,6.89,70.39,0.932952233676976,0.5400000000000009,0.11500000000000021,30.6,0.05669822025026973,0.04818754925137901,0.012582056892779017,0.4347208410285552,False,0.1359078759129955,False,HOOD,Robinhood Markets Inc. Class A Common Stock,8721591804.00,United States,2021,Computer Software: Prepackaged Software,Technology,48,36,10,True
81,HST,165,17.244235395189005,17.05,1.2692901134090764,14.86,21.24,0.5027541237113402,0.4425000000000008,0.16499999999999915,2.120000000000001,0.029052071839865374,0.025503223133328867,0.010293200249532073,0.1199095022624435,False,0.08310015570803397,False,HST,Host Hotels & Resorts Inc. Common Stock,11414142147.00,United States,,Real Estate Investment Trusts,Real Estate,48,123,9,True
82,HTZ,153,18.277800687285225,17.67,4.0225399758033245,8.14,35.06,0.9503759450171823,0.7200000000000015,0.0,15.25,0.04970386996792422,0.04111275068750424,0.0,0.434968625213919,False,0.09061911053860626,False,HTZ,Hertz Global Holdings Inc Common Stock,3738203067.00,United States,,Rental/Leasing Companies,Consumer Discretionary,48,125,2,True
83,IDXX,57,483.6889347079038,481.37,97.30243449643008,324.64,705.76,14.059182130584194,12.625,4.4599999999999795,46.99000000000001,0.029738103162979788,0.026899177983617233,0.008832559237975303,0.09260654980428382,True,0.17058196414204016,False,IDXX,IDEXX Laboratories Inc. Common Stock,36264800559.00,United States,1991,Biotechnology: In Vitro & In Vivo Diagnostic Substances,Health Care,48,19,6,True
84,ILMN,115,257.51945876288664,215.62,99.42472353065502,92.79,524.84,8.821759450171822,7.709999999999994,1.9399999999999977,43.97,0.03576194029457028,0.03173677882652956,0.00914790330056351,0.1765508933949006,True,0.1565541791821044,False,ILMN,Illumina Inc. Common Stock,21101390000.00,United States,2000,Medical Specialities,Health Care,48,80,6,True
85,INCY,131,70.88352233676976,72.47,7.426509070174198,52.16,86.01,1.6373290378006873,1.4399999999999977,0.46999999999999886,5.609999999999999,0.023099155098480626,0.020802298389993572,0.007159177456207142,0.07589285714285726,False,0.06497052989035913,False,INCY,Incyte Corp. Common Stock,13245823651.00,United States,,Biotechnology: Commercial Physical & Biological Resarch,Health Care,48,17,6,True
86,INTC,83,38.721735395189,36.15,9.419768858528744,24.9,56.0,1.0280984536082476,0.9299999999999997,0.33999999999999986,3.1599999999999966,0.02751549368256996,0.025124004520470082,0.0074047318042261825,0.08516275548826646,True,0.16944670954363916,False,INTC,Intel Corporation Common Stock,144946680000.00,United States,,Semiconductors,Technology,48,131,10,True
87,ISRG,133,279.49842783505153,281.44,48.201462799209686,183.06,365.42,7.271592783505153,6.3700000000000045,1.799999999999983,24.799999999999983,0.026638915796588673,0.023944904495555246,0.0073430424672621996,0.0982800982800982,True,0.12234614848837855,False,ISRG,Intuitive Surgical Inc. Common Stock,102395292935.00,United States,2000,Medical/Dental Instruments,Health Care,48,81,6,True
88,JBHT,181,181.41307560137457,178.66,12.686163074533415,154.88,218.06,4.665159793814432,4.210000000000008,1.450000000000017,21.549999999999983,0.025799708809425646,0.02331960751052821,0.007631177306457645,0.1187262409784584,False,0.0889761251550297,False,JBHT,J.B. Hunt Transport Services Inc. Common Stock,19179725428.00,United States,,Trucking Freight/Courier Services,Industrials,48,141,7,True
89,JBLU,98,9.687757731958762,8.32,3.6216077602479464,3.69,16.31,0.370270618556701,0.3200000000000003,0.08000000000000007,1.7599999999999998,0.03909492477761436,0.03519061583577711,0.011938202247191006,0.15331010452961671,False,0.1574683220239787,False,JBLU,JetBlue Airways Corporation Common Stock,1479631425.00,United States,2002,Air Freight/Delivery Services,Consumer Discretionary,48,6,2,True
90,JKHY,43,171.80860824742268,171.0,16.47591130436369,138.1,211.07,3.6274278350515465,3.25,1.0800000000000125,17.00999999999999,0.021248681191622844,0.018640288864651067,0.006476761619190479,0.12040772987895512,False,0.09010355669996747,False,JKHY,Jack Henry & Associates Inc. Common Stock,10826490846.00,United States,1985,Retail: Computer Software & Peripheral Equipment,Technology,48,129,10,True
91,KDP,121,35.29836769759451,35.39,2.453676909756973,27.9,40.08,0.6117747422680414,0.5399999999999991,0.17999999999999972,2.1699999999999946,0.017289928527451308,0.015355523554237444,0.00510059506942496,0.06536144578313237,True,0.04698662692877474,False,KDP,Keurig Dr Pepper Inc. Common Stock,44251204691.00,United States,,Beverages (Production/Distribution),Consumer Staples,48,15,3,True
92,KHC,166,37.235,37.29,2.6140080573564215,30.81,44.29,0.7087680412371136,0.6200000000000045,0.21000000000000085,4.230000000000004,0.019013743771528306,0.016656246013569406,0.0055336940482046595,0.10835040983606568,True,0.04630035262669624,False,KHC,The Kraft Heinz Company Common Stock,41798861903.00,United States,,Packaged Foods,Consumer Staples,48,107,3,True
93,KLAC,17,389.3585910652921,379.525,58.779326579362674,263.22,557.75,12.274192439862546,11.240000000000009,3.329999999999984,36.70999999999998,0.03215553363501156,0.029122858952105944,0.009111365599823246,0.12195734903425011,True,0.20035205910325954,False,KLAC,KLA Corporation Common Stock,60916996171.00,United States,1980,Electronic Components,Technology,48,53,10,True
94,LBRDK,66,113.04860824742266,93.875,35.41438302314396,69.56,192.82,2.9682646048109964,2.6499999999999844,0.8799999999999955,9.659999999999997,0.027480435374602825,0.024789694176790847,0.007835881808782705,0.08477910928277593,False,0.1319040316472636,False,LBRDK,Liberty Broadband Corporation Class C Common Stock,13102156070.00,United States,,Cable & Other Pay Television Services,Telecommunications,48,29,11,True
95,LCID,156,16.755987972508592,14.36,11.351671888275463,3.755,55.52,1.2522623711340206,0.7999999999999998,0.1274999999999995,11.700000000000003,0.06767586634292645,0.0607941853381169,0.021720613287904516,0.6915306915306915,False,0.2759794608321817,False,LCID,Lucid Group Inc. Common Stock,12463270425.00,United States,,Auto Manufacturing,Consumer Discretionary,48,11,2,True
96,LITE,136,70.85520618556701,73.945,19.708447664334024,36.07,107.61,2.2325324742268045,1.9500000000000028,0.5650000000000048,8.599999999999994,0.031834846715227905,0.02849925769581626,0.01079067990832706,0.10561740890688257,False,0.2171522723045913,False,LITE,Lumentum Holdings Inc. Common Stock,2923461000.00,United States,,Computer peripheral equipment,Technology,48,38,10,True
97,LKQ,63,52.85473367697595,53.455,3.8685315193956327,42.55,60.03,1.1611403780068728,1.0799999999999983,0.41499999999999915,5.140000000000001,0.022174548532528076,0.02038997431816591,0.00764172738581837,0.1078925272879933,False,0.0681215119979474,False,LKQ,LKQ Corporation Common Stock,13054075634.00,United States,2003,Motor Vehicles,Consumer Discretionary,48,90,2,True
98,LNT,30,55.98889175257732,55.629999999999995,4.217324753039524,46.24,65.16,1.1049197594501718,1.0,0.35999999999999943,3.520000000000003,0.019810821702732802,0.017940171842815565,0.005949429846306386,0.06077348066298348,False,0.06687891197883007,False,LNT,Alliant Energy Corporation Common Stock,12269511917.00,United States,,Power Generation,Utilities,48,112,12,True
99,LPLA,114,201.8396735395189,203.0,30.958262704316674,136.29,269.17,6.155323024054984,5.6200000000000045,1.6400000000000148,28.25,0.03068727997364397,0.027458552697751805,0.008672478431726761,0.13936852491366553,False,0.13593615920174343,False,LPLA,LPL Financial Holdings Inc. Common Stock,18087059510.00,United States,2010,Investment Bankers/Brokers/Service,Finance,48,71,5,True
100,LRCX,7,544.5378865979382,537.235,93.47929703283522,314.95,729.82,17.86213745704467,16.105000000000018,5.689999999999998,56.629999999999995,0.03360147086344742,0.03020923943841946,0.009799987653558896,0.13249757787498914,True,0.17980365838990844,False,LRCX,Lam Research Corporation Common Stock,81351583478.00,United States,1984,Industrial Machinery/Components,Technology,48,68,10,True
101,LSCC,87,69.06766323024054,66.94,14.965214089350392,44.63,97.26,2.792890378006873,2.539999999999999,0.7999999999999972,9.599999999999994,0.04141379096192327,0.03717881098296363,0.014512627128328145,0.13572741410999567,False,0.1754659395153423,False,LSCC,Lattice Semiconductor Corporation Common Stock,11508003031.00,United States,,Semiconductors,Technology,48,131,10,True
102,LSTR,112,167.08116838487973,167.84,15.077779013337414,138.46,205.38,4.0398264604811,3.680000000000007,1.414999999999992,20.409999999999997,0.024481217488783114,0.02202895542345419,0.007331606217616539,0.11118980169971669,False,0.08820106513990433,False,LSTR,Landstar System Inc. Common Stock,6431542770.00,United States,1993,Trucking Freight/Courier Services,Industrials,48,141,7,True
103,LULU,113,355.2113058419244,360.94,47.837948842008274,257.51,477.91,10.158175257731958,9.129999999999995,3.0,30.579999999999984,0.02935705594133749,0.026122064228883825,0.007481296758104738,0.10146044327021862,True,0.16323398058093247,False,LULU,lululemon athletica inc. Common Stock,46037181797.00,Canada,2007,Apparel,Consumer Discretionary,7,8,2,False
104,LYFT,61,22.6786941580756,14.165,15.443308462271325,7.99,56.26,1.1534738831615121,0.8700000000000001,0.15499999999999936,5.3700000000000045,0.053664769234044216,0.050074049682357465,0.015077821011673091,0.19198564593301443,False,0.18380028774901025,False,LYFT,Lyft Inc. Class A Common Stock,3897196668.00,United States,2019,EDP Services,Technology,48,49,10,True
105,MAR,4,166.57505154639173,163.78,18.385057190019772,130.0,209.95,4.251754295532646,3.875,1.3799999999999955,13.04000000000002,0.025863392089448656,0.023373774168560298,0.00776764606551838,0.08534589960075935,True,0.10644676200529396,False,MAR,Marriott International Class A Common Stock,57822690352.00,United States,,Hotels/Resorts,Consumer Discretionary,48,67,2,True
106,MASI,119,171.40915807560137,153.625,60.956215220342855,76.73,303.29,5.358483676975944,4.680000000000007,1.0400000000000063,38.56,0.03278632401923503,0.028748507165794874,0.00863678804855286,0.2674063800277393,False,0.11226303098314727,False,MASI,Masimo Corporation Common Stock,4445697457.00,United States,2007,Medical/Dental Instruments,Health Care,48,81,6,True
107,MCHP,183,75.2379381443299,75.67500000000001,7.90582276598603,56.14,93.94,2.3100582474226803,2.1300000000000097,0.7200000000000131,6.259999999999991,0.031096041516167638,0.028943127922101443,0.009214230867673574,0.09471736204576035,False,0.13785145751072603,False,MCHP,Microchip Technology Incorporated Common Stock,41641572879.00,United States,1993,Semiconductors,Technology,48,131,10,True
108,MDB,127,331.5586855670103,349.8775,107.87239690873436,137.35,585.03,17.396718213058417,15.474999999999994,3.219999999999999,62.27999999999997,0.05449248280997635,0.04831165312273024,0.01600842166400453,0.1745805634694524,False,0.61379311261837,False,MDB,MongoDB Inc. Class A Common Stock,23412448858.00,United States,2017,Computer Software: Prepackaged Software,Technology,48,36,10,True
109,MDLZ,105,65.6409879725086,65.035,4.853516417257879,54.83,78.36,1.0587300687285226,0.9699999999999989,0.3299999999999983,4.740000000000002,0.016269971269899774,0.014752939613329566,0.004948268106162818,0.0777814243518215,True,0.05240147835843048,False,MDLZ,Mondelez International Inc. Class A Common Stock,95215650151.00,United States,,Packaged Foods,Consumer Staples,48,107,3,True
110,META,179,238.2446993127148,221.655,80.42328236967536,88.91,382.18,7.152945017182131,6.439999999999998,1.710000000000008,20.609999999999957,0.03185818491191182,0.028394543732233275,0.0086243386243386,0.09246557132982393,False,0.15866004687446156,False,META,Meta Platforms Inc. Class A Common Stock,763027835803.00,United States,2012,Computer Software: Programming Data Processing,Technology,48,37,10,True
111,MIDD,146,151.99733676975944,145.725,21.356591100373706,111.05,199.65,4.148661512027492,3.634999999999991,1.329999999999984,19.319999999999993,0.02738947971878064,0.024631788179340558,0.009270876899484066,0.11298245614035084,False,0.09776369484935424,False,MIDD,Middleby Corporation (The) Common Stock,6843498329.00,United States,,Industrial Machinery/Components,Industrials,48,68,7,True
112,MKTX,64,310.61439862542954,280.89,70.51150677862388,201.78,492.13,9.404189003436429,8.454999999999984,2.370000000000033,52.28000000000003,0.030591513457403102,0.027197958508325855,0.00814061054579095,0.15479362823473686,False,0.11666634293757137,False,MKTX,MarketAxess Holdings Inc. Common Stock,7602551018.00,United States,2004,Investment Bankers/Brokers/Service,Finance,48,71,5,True
113,MNST,0,48.81699312714777,48.41,5.536623401354053,36.24,59.94,0.9614582474226805,0.8699999999999974,0.30999999999999517,3.5304,0.020113665980712004,0.01771631775594124,0.006190752563358489,0.08853333333333334,True,0.06094831568326331,False,MNST,Monster Beverage Corporation,55644173424.00,United States,,Beverages (Production/Distribution),Consumer Staples,48,15,3,True
114,MQ,100,10.380567010309278,7.33,7.11724780285472,3.57,33.25,0.7528749140893471,0.4774999999999998,0.08499999999999996,6.59,0.06622699801634281,0.058783349405335916,0.013097072419106312,0.33804744525547453,False,0.15936041553336427,False,MQ,Marqeta Inc. Class A Common Stock,3119923990.00,United States,2021,Computer Software: Prepackaged Software,Technology,48,36,10,True
115,MRNA,67,178.69132302405498,150.04500000000002,86.12299518093324,69.51,484.47,10.222730240549827,7.789999999999992,1.6779999999999973,84.09999999999997,0.05404733062541869,0.04768447840024217,0.013741708295798847,0.21210391093348563,False,0.1449282511245351,False,MRNA,Moderna Inc. Common Stock,37846126951.00,United States,2018,Biotechnology: Biological Products (No Diagnostic Substances),Health Care,48,16,6,True
116,MRVL,96,55.66991408934708,55.42,12.725798203796849,34.68,91.51,2.2987606529209623,1.9400000000000013,0.605000000000004,8.150000000000006,0.0413690802244916,0.03754392775336369,0.011232243145028076,0.12718449991272474,True,0.3183024014395504,False,MRVL,Marvell Technology Inc. Common Stock,45340140000.00,United States,2000,Semiconductors,Technology,48,131,10,True
117,MSFT,45,291.7728092783505,293.095,36.089280244856454,214.25,377.85,6.385938144329898,5.740000000000009,1.8799999999999955,24.609999999999957,0.022259794690195765,0.020195653171717714,0.006494852483935589,0.080247123120269,False,0.15189188814812554,False,MSFT,Microsoft Corporation Common Stock,2323955794604.00,United States,1986,Computer Software: Prepackaged Software,Technology,48,36,10,True
118,MSFT,169,291.7728092783505,293.095,36.089280244856454,214.25,377.85,6.385938144329898,5.740000000000009,1.8799999999999955,24.609999999999957,0.022259794690195765,0.020195653171717714,0.006494852483935589,0.080247123120269,False,0.1290672334986026,False,MSFT,Microsoft Corporation Common Stock,2323955794604.00,United States,1986,Computer Software: Prepackaged Software,Technology,48,36,10,True
119,MSTR,92,376.03733676975946,329.015,170.67527882053727,136.63,860.0,23.369561855670106,20.71499999999999,5.430000000000007,100.0,0.06821699017010877,0.0596616135933723,0.02041280814805335,0.4157611870545624,False,0.27443974185637937,False,MSTR,MicroStrategy Incorporated Common Stock Class A,4445772908.00,United States,1998,Computer Software: Prepackaged Software,Technology,48,36,10,True
120,MTCH,50,74.3440206185567,51.865,41.387598137484865,28.45,175.53,3.1710723367697593,2.5249999999999986,0.504999999999999,23.889999999999986,0.04237946299893136,0.03743518458698113,0.015210043457267081,0.1926561754887935,False,0.15665442019787504,False,MTCH,Match Group Inc. Common Stock,11117908465.00,United States,,Computer Software: Programming Data Processing,Technology,48,37,10,True
121,MU,126,67.50671821305842,67.00999999999999,10.623539221788516,48.88,97.36,2.252751030927835,1.9700000000000024,0.7150000000000034,7.640000000000001,0.033233320328824055,0.029987170045568015,0.011447145279818938,0.0969616908850727,False,0.13328429797719618,False,MU,Micron Technology Inc. Common Stock,74648638886.00,United States,,Semiconductors,Technology,48,131,10,True
122,NBIX,97,99.72503436426118,98.315,11.06159408024285,72.45,127.06,2.797618556701031,2.5049999999999955,0.9100000000000108,15.840000000000003,0.028382425064281912,0.025363829238566435,0.008703136954858557,0.146680248171127,False,0.08353264587876251,False,NBIX,Neurocrine Biosciences Inc. Common Stock,11274951877.00,United States,1996,Biotechnology: Biological Products (No Diagnostic Substances),Health Care,48,16,6,True
123,NDAQ,10,57.998161512027494,57.67,6.1979087490856735,47.25,70.94,1.1450766323024053,1.0200000000000067,0.375,4.3500000000000085,0.019767791859149297,0.01803554414842564,0.006201303863889339,0.0670588235294118,False,0.13931871103347468,False,NDAQ,Nasdaq Inc. Common Stock,23745310013.00,United States,,Investment Bankers/Brokers/Service,Finance,48,71,5,True
124,NFLX,88,380.80831615120275,363.41999999999996,136.61437258004236,166.37,691.69,12.226061855670102,10.899999999999991,3.259999999999991,37.44999999999993,0.03501420687106686,0.03136551564243957,0.009000519260726484,0.15999823157522436,False,0.20107678695217976,False,NFLX,Netflix Inc. Common Stock,167327781710.00,United States,2002,Consumer Electronics/Video Chains,Consumer Discretionary,48,41,2,True
125,NTAP,32,75.29865979381444,74.595,9.771846380163737,58.18,95.48,1.7561189003436428,1.5799999999999983,0.519999999999996,7.88000000000001,0.02334061658471012,0.021451762048490967,0.007490636704119828,0.0923193340900491,False,0.12446893273459882,False,NTAP,NetApp Inc. Common Stock,15648897067.00,United States,1995,Electronic Components,Technology,48,53,10,True
126,NVCR,31,72.485764604811,75.25,30.22830433157061,11.13,157.07,3.6880862542955324,3.3999999999999915,0.3249999999999993,29.099999999999994,0.052519200707132944,0.0449242976664087,0.011955661124307133,0.6191489361702126,False,2.973255247258524,False,NVCR,NovoCure Limited Ordinary Shares,1812469858.00,Jersey,2015,Medical/Dental Instruments,Health Care,26,81,6,False
127,NVDA,41,262.2079553264605,229.935,106.59030749157137,112.27,504.09,10.510345360824742,9.084999999999994,2.6899999999999977,42.46999999999997,0.04192230811210371,0.03775852187872249,0.012304455219101626,0.14251199624173677,False,0.2762525173166052,False,NVDA,NVIDIA Corporation Common Stock,1048959600000.00,United States,1999,Semiconductors,Technology,48,131,10,True
128,ODFL,185,320.0506271477663,310.655,48.3874989171404,232.1,435.87,9.503812714776632,8.764999999999986,2.6399999999999864,40.410000000000025,0.03002568375950383,0.028068201710006457,0.00878841623209903,0.13363217321436133,True,0.18387219878331515,False,ODFL,Old Dominion Freight Line Inc. Common Stock,43695212911.00,United States,1991,Trucking Freight/Courier Services,Industrials,48,141,7,True
129,OKTA,5,119.66243986254294,84.25,68.34878731686251,45.02,271.75,5.501721134020619,4.119999999999997,0.8050000000000068,29.5,0.047081419865899914,0.04097599904287075,0.01003865818680642,0.18514851485148523,False,0.24220081335846672,False,OKTA,Okta Inc. Class A Common Stock,13238990509.00,United States,2017,Computer Software: Prepackaged Software,Technology,48,36,10,True
130,ON,22,68.80484536082474,65.99000000000001,15.569101087344652,40.98,108.09,2.7011280068728523,2.510000000000005,0.6599999999999966,8.600000000000009,0.03991601627444248,0.03629456467945019,0.012956419316843278,0.13161922252831357,True,0.12457000196330607,False,ON,ON Semiconductor Corporation Common Stock,39722240216.00,United States,,Semiconductors,Technology,48,131,10,True
131,ONEW,86,35.43453608247423,33.455,8.743264791622394,21.97,60.97,1.5481474226804126,1.3499999999999979,0.3200000000000003,5.799999999999997,0.04297770413716614,0.03977126140057639,0.012113870381586945,0.16987542468856173,False,0.4258418715122156,False,ONEW,OneWater Marine Inc. Class A Common Stock,391362283.00,United States,2020,Auto & Home Supply Stores,Consumer Discretionary,48,10,2,True
132,OPEN,82,6.817036082474226,4.317500000000001,6.217503478464637,0.97,24.75,0.5244235395189003,0.3696499999999999,0.050000000000000044,4.379999999999999,0.09188715550889817,0.08484135203841449,0.022622538751571122,0.28571428571428575,False,0.5822373513546281,False,OPEN,Opendoor Technologies Inc Common Stock,1680947778.00,United States,,Real Estate,Finance,48,122,5,True
133,ORLY,29,767.3034793814433,730.595,124.56288415046274,572.57,995.92,15.18361340206186,13.669999999999959,4.839999999999918,45.960000000000036,0.020227403098661553,0.017867882882408093,0.005734393327251304,0.07661660026339046,True,0.3276017064383216,False,ORLY,O'Reilly Automotive Inc. Common Stock,55086368506.00,United States,1993,Auto & Home Supply Stores,Consumer Discretionary,48,10,2,True
134,PANW,150,186.03656357388317,175.64,32.89289027299734,120.79,264.03,5.843274914089347,5.110499999999988,1.759999999999991,24.72,0.031800653350577524,0.02800873169642485,0.011161846778285077,0.13734859428825424,True,0.1625351917233706,False,PANW,Palo Alto Networks Inc. Common Stock,71563088668.00,United States,,Computer peripheral equipment,Technology,48,38,10,True
135,PARA,99,24.799209621993125,23.09,8.82539804570338,10.7,41.62,0.9739278350515465,0.8599999999999994,0.18799999999999883,3.6199999999999974,0.04037562255283195,0.03683365360663326,0.011517788584591649,0.16158536585365846,False,0.13956173817698192,False,PARA,Paramount Global Class B Common Stock,8321088020.00,United States,,Broadcasting,Industrials,48,24,7,True
136,PAYX,68,118.83796391752578,118.12,7.463188226652262,104.93,141.23,2.4095721649484534,2.1850000000000023,0.6300000000000097,9.060000000000002,0.02027674310333574,0.01820489709969893,0.0054072611792979975,0.06661850870856406,True,0.08720064148795018,False,PAYX,Paychex Inc. Common Stock,42007188828.00,United States,1983,Business Services,Consumer Discretionary,48,28,2,True
137,PCAR,144,66.57819587628866,62.44,10.922599111579279,52.51,91.84,1.4462310996563579,1.3050000000000068,0.4100000000000037,5.57,0.0219333287293432,0.019796235149493878,0.007206588881262898,0.08893501516844962,True,0.09051113647108862,False,PCAR,PACCAR Inc. Common Stock,44339100107.00,United States,,Auto Manufacturing,Consumer Discretionary,48,11,2,True
138,PCTY,94,211.20689003436428,202.095,34.7051124783642,141.89,305.75,7.882233676975943,7.099999999999994,2.2799999999999727,34.59000000000003,0.03784186569564843,0.033791100643220745,0.008543833580980726,0.1235357142857144,False,0.12973153990251252,False,PCTY,Paylocity Holding Corporation Common Stock,10320806152.00,United States,2014,Computer Software: Prepackaged Software,Technology,48,36,10,True
139,PENN,194,37.77855670103093,32.125,15.77517510902913,18.41,84.84,1.7723286941580756,1.4549999999999983,0.3299999999999983,14.550000000000004,0.04576313692231519,0.041910304132917214,0.013427324605572293,0.25348432055749137,False,0.12037658521177191,False,PENN,PENN Entertainment Inc. Common Stock,3375684683.00,United States,1994,Hotels/Resorts,Consumer Discretionary,48,67,2,True
140,PEP,160,172.13170103092781,172.09,9.853098520658186,150.2,196.12,2.5926013745704464,2.325000000000003,0.700000000000017,10.950000000000017,0.015137277597919555,0.013550824936155056,0.004514090410782338,0.06691109074243823,True,0.07593574410115272,False,PEP,PepsiCo Inc. Common Stock,233426774207.00,United States,,Beverages (Production/Distribution),Consumer Staples,48,15,3,True
141,PFG,9,74.45642611683849,72.75999999999999,7.615372437397956,61.13,95.0,1.73703058419244,1.5375000000000014,0.6148999999999916,7.050000000000011,0.023404490787630388,0.02097686883827593,0.008515441074643285,0.09561105364267768,False,0.10079314445560938,False,PFG,Principal Financial Group Inc Common Stock,17403472944.00,United States,2001,Specialty Insurers,Finance,48,136,5,True
142,PODD,107,258.73796391752575,269.195,46.86718583702975,127.77,330.23,9.398252577319589,8.449999999999989,2.589999999999975,48.31999999999999,0.03768487617352066,0.033429905329553034,0.008166997761170419,0.18921564788346318,False,0.1265364742691458,False,PODD,Insulet Corporation Common Stock,11290074781.00,United States,2007,Medical/Dental Instruments,Health Care,48,81,6,True
143,POOL,6,393.1894845360825,365.845,71.54980843799336,283.92,577.85,12.049298969072167,10.544999999999987,3.680000000000007,47.54000000000002,0.030926593576929524,0.027963445318366358,0.007905647811983087,0.1138376383763837,False,0.1591074085892565,False,POOL,Pool Corporation Common Stock,13422162433.00,United States,1995,Industrial Specialties,Consumer Discretionary,48,69,2,True
144,PTC,192,124.08603092783507,123.0,12.927468049645324,97.62,156.04,3.142893470790378,2.857500000000009,1.0500000000000114,18.700000000000003,0.02588199671603358,0.023054025100878648,0.007134606237684389,0.15463491275944763,False,0.09053155990088267,False,PTC,PTC Inc. Common Stock,16454834727.00,United States,,Computer Software: Prepackaged Software,Technology,48,36,10,True
145,PTON,161,24.528668384879722,11.06,29.112808903344987,4.3,120.93,1.5539085910652919,0.8600000000000003,0.15500000000000025,12.069999999999993,0.07375253297168255,0.06704488632132184,0.02324213406292752,0.3872832369942198,False,0.24167442722586477,False,PTON,Peloton Interactive Inc. Class A Common Stock,1660081225.00,United States,2019,Recreational Games/Products/Toys,Consumer Discretionary,48,124,2,True
146,PYPL,193,111.78230240549829,80.805,67.14402835312299,50.39,293.26,3.6576597938144335,3.0649999999999977,0.6037999999999997,20.409999999999997,0.03377991569042904,0.03096450143199562,0.008002619038958162,0.10245667491906309,True,0.10360490596350236,False,PYPL,PayPal Holdings Inc. Common Stock,62961468587.00,United States,,Business Services,Consumer Discretionary,48,28,2,True
147,QRVO,27,115.01324742268042,102.57,29.30967135098716,78.34,195.18,3.5116395189003433,3.072500000000005,0.9299999999999926,12.200000000000003,0.03095830130809261,0.028522002402835707,0.009885204081632574,0.12143191389798777,False,0.11255816012748525,False,QRVO,Qorvo Inc. Common Stock,9258411679.00,United States,,Semiconductors,Technology,48,131,10,True
148,REGN,34,700.1415463917526,710.12,79.5130994242372,543.48,844.37,16.353027491408938,14.910000000000025,4.5,81.28999999999996,0.023720921069867514,0.02179028485073687,0.00651109051739697,0.11351925037355634,True,0.2666904052806907,False,REGN,Regeneron Pharmaceuticals Inc. Common Stock,90381646258.00,United States,1991,Biotechnology: Pharmaceutical Preparations,Health Care,48,21,6,True
149,RGEN,62,193.0952147766323,175.06,44.64993112418436,114.17,324.21,8.244307560137457,7.289999999999992,2.1799999999999784,32.120000000000005,0.043176641829718664,0.03848812832807012,0.011606203549733653,0.16773538188051546,False,0.1438019654868015,False,RGEN,Repligen Corporation Common Stock,8976767842.00,United States,1986,Biotechnology: Biological Products (No Diagnostic Substances),Health Care,48,16,6,True
150,ROKU,51,120.64785223367699,79.21000000000001,92.78945084054365,38.8,420.32,6.651162714776634,4.973599999999998,1.25,31.460000000000008,0.05961180010530897,0.054568106987670575,0.017721206891238017,0.1809142857142857,False,0.17848716571559547,False,ROKU,Roku Inc. Class A Common Stock,9571586983.00,United States,2017,Cable & Other Pay Television Services,Telecommunications,48,29,11,True
151,ROP,58,450.2475773195876,451.40999999999997,34.76851099444902,359.64,528.48,8.165390034364263,7.460000000000008,2.8249999999999886,26.25999999999999,0.018337603866369217,0.01672827074990704,0.006309183491155951,0.05693348365276212,False,0.17926379199149634,False,ROP,Roper Technologies Inc. Common Stock,51928724780.00,United States,1992,Industrial Machinery/Components,Industrials,48,68,7,True
152,ROST,35,104.15807560137458,107.41,13.409489899097544,70.23,130.98,2.5234553264604807,2.2749999999999915,0.7950000000000017,9.300000000000011,0.024970021404626584,0.021739232247053847,0.007153783856744369,0.09600000000000003,True,0.09132970529103199,False,ROST,Ross Stores Inc. Common Stock,36883816174.00,United States,1985,Clothing/Shoe/Accessory Stores,Consumer Discretionary,48,31,2,True
153,RUN,188,27.211984536082475,24.615000000000002,11.261052725668872,8.84,58.66,1.8208405498281788,1.6649999999999991,0.4800000000000004,6.099999999999994,0.06927518585865369,0.06493986358177448,0.024584929757343537,0.24282198523379828,False,0.1983785071844299,False,RUN,Sunrun Inc. Common Stock,2695245460.00,United States,2015,Industrial Machinery/Components,Miscellaneous,48,68,8,True
154,SAIA,42,278.22701890034364,268.20000000000005,69.33395403917939,170.76,438.58,11.505426116838487,10.363499999999988,3.1100000000000136,49.16,0.04256706429178034,0.03740405105363829,0.011471358489174186,0.20026071370376405,False,0.1564334513569012,False,SAIA,Saia Inc. Common Stock,10392317006.00,United States,,Trucking Freight/Courier Services,Industrials,48,141,7,True
155,SBAC,152,292.8849914089347,297.69,51.79463881049253,189.44,389.02,7.68943470790378,7.1200000000000045,2.359999999999985,30.04000000000002,0.026388834126196727,0.02438027105691215,0.008396087596295407,0.08553530751708434,False,0.11082021477211144,False,SBAC,SBA Communications Corporation Class A Common Stock,21249516867.00,United States,1999,Real Estate Investment Trusts,Real Estate,48,123,9,True
156,SBUX,130,97.66165807560137,98.66499999999999,12.062147612856903,69.9,119.34,1.9481063573883157,1.7299999999999969,0.7199999999999989,6.269999999999996,0.02046449905575475,0.018218723021418998,0.006513243595310464,0.075788710262299,True,0.06986859559182163,False,SBUX,Starbucks Corporation Common Stock,104426118000.00,United States,1992,Restaurants,Consumer Discretionary,48,126,2,True
157,SEDG,108,264.4097422680412,282.4,64.82055960978921,70.33,368.33,13.230279896907216,12.125000000000028,2.0,51.630000000000024,0.05034899006976561,0.04555362194799177,0.015927506649347542,0.19038312622146844,False,0.15858595019057753,False,SEDG,SolarEdge Technologies Inc. Common Stock,7239966026.00,Israel,2015,Semiconductors,Technology,23,131,10,False
158,SGEN,81,165.4485996563574,162.195,29.384200965981,108.81,217.45,3.9827697594501714,3.7649999999999864,0.6199999999999761,27.419999999999987,0.02594475307887149,0.02442300382225937,0.002926599008732481,0.16572982774252035,True,0.07436589496880777,False,SGEN,Seagen Inc. Common Stock,39895196084.00,United States,2001,Biotechnology: Biological Products (No Diagnostic Substances),Health Care,48,16,6,True
159,SMCI,138,106.34243127147766,64.535,89.59600057908396,34.76,353.29,5.898975773195877,3.0050000000000026,0.39000000000000057,41.84800000000001,0.048143739711146216,0.04417082299736839,0.009874917709018998,0.16662933930571106,False,0.2914293837225672,False,SMCI,Super Micro Computer Inc. Common Stock,13625397590.00,United States,2020,Computer Manufacturing,Technology,48,35,10,True
160,SNPS,54,357.8232989690722,338.625,61.0342258948066,260.83,541.52,9.413180412371135,8.544999999999987,2.5200000000000387,34.45999999999998,0.0269549603062486,0.023805091513350404,0.008228302749298108,0.11195581546458733,False,0.20585969894490494,False,SNPS,Synopsys Inc. Common Stock,67937361892.00,United States,1992,Computer Software: Prepackaged Software,Technology,48,36,10,True
161,SOFI,69,9.090798969072166,7.42,4.476155319374642,4.3,23.29,0.5488056701030927,0.41999999999999993,0.09000000000000075,2.5299999999999976,0.060111517825164516,0.05342695636813284,0.01940401940401936,0.1974405850091408,False,0.27761795951638796,False,SOFI,SoFi Technologies Inc. Common Stock  ,7220869204.00,United States,,Diversified Financial Services,Finance,48,47,5,True
162,SPLK,197,112.64341924398626,106.655,24.874692642760056,68.01,173.31,3.8348171821305836,3.375,0.3100000000000023,17.97,0.03561538242394201,0.031796545803759194,0.0021232876712328924,0.13938249666814762,False,0.1395496185942754,False,SPLK,Splunk Inc. Common Stock,24579789000.00,United States,2012,Computer Software: Prepackaged Software,Technology,48,36,10,True
163,SPWR,111,17.263290378006875,17.2,6.78066862445801,3.79,33.85,1.0095310996563573,0.9200000000000008,0.15500000000000025,3.490000000000002,0.0595002516127068,0.05402043919247139,0.023294509151414206,0.17347542924807577,False,0.167147007760037,False,SPWR,SunPower Corporation Common Stock,1077428998.00,United States,2005,Semiconductors,Technology,48,131,10,True
164,SSNC,21,62.577027491408934,59.235,10.204665511705123,46.46,84.24,1.2402616838487972,1.1099999999999994,0.3200000000000003,4.170000000000002,0.02005805214931773,0.017903986481156424,0.005821357103874846,0.0667214124409772,False,0.0661386458977366,False,SSNC,SS&C Technologies Holdings Inc. Common Stock,13049449104.00,United States,2010,Computer Software: Prepackaged Software,Technology,48,36,10,True
165,STLD,159,87.56079037800687,86.815,19.777029376033493,52.45,136.06,3.1286051546391755,2.825000000000003,0.7700000000000031,13.009999999999991,0.03641525041152131,0.03297540683344641,0.00975193241056978,0.12786240786240777,False,0.13379151157645416,False,STLD,Steel Dynamics Inc.,17631188552.00,United States,1996,Steel/Iron Ore,Industrials,48,137,7,True
166,SWAV,177,216.82918384879727,208.185,43.531639814649445,115.91,310.53,10.744070446735396,9.700000000000003,3.194999999999993,37.995000000000005,0.05096556004500627,0.046234969403565015,0.012600749233738162,0.18557501509792085,False,0.12368710778569075,False,SWAV,ShockWave Medical Inc. Common Stock,7336849257.00,United States,2019,Medical/Dental Instruments,Health Care,48,81,6,True
167,SWKS,23,118.52780068728521,108.875,27.71336505601305,79.38,188.19,3.380473711340206,3.105000000000004,0.9000000000000057,19.409999999999997,0.028986301158987163,0.026783060740057756,0.006780481898534959,0.1325910239770476,False,0.11271735522485392,False,SWKS,Skyworks Solutions Inc. Common Stock,15349504876.00,United States,,Semiconductors,Technology,48,131,10,True
168,TEAM,102,234.9022766323024,197.59,88.07442913711513,116.34,458.13,11.009235395189005,9.764999999999993,2.1699999999999875,42.23000000000002,0.048899528792516106,0.04399657457341083,0.013286382198023345,0.14499313020286106,True,0.18906890892068717,False,TEAM,Atlassian Corporation Class A Common Stock,50837829148.00,Australia,2015,Computer Software: Prepackaged Software,Technology,2,36,10,False
169,TECH,46,90.9640206185567,84.39,18.946482222990106,52.83,134.72,2.794494501718213,2.4949999999999974,0.8100000000000023,9.14,0.03092669151586874,0.027961242655868128,0.009347287688743322,0.1350906095551895,False,0.09296163740633959,False,TECH,Bio-Techne Corp Common Stock,10687838262.00,United States,,Biotechnology: Biological Products (No Diagnostic Substances),Health Care,48,16,6,True
170,TER,13,106.95602233676976,103.47,19.76620284474671,71.37,168.56,3.4150508591065294,2.969999999999999,1.019999999999996,10.409999999999997,0.0319382097974904,0.028332618999321667,0.010424422933730497,0.10704300359472763,False,0.14307637648044697,False,TER,Teradyne Inc. Common Stock,14859245249.00,United States,,Electrical Products,Industrials,48,52,7,True
171,TLRY,143,4.88856529209622,3.42,3.384924835125194,1.52,14.79,0.3324991408934708,0.26000000000000023,0.050000000000000266,1.8800000000000008,0.06977019576641998,0.06181818181818179,0.017730496453900804,0.3028391167192429,False,0.3402688510276483,False,TLRY,Tilray Brands Inc. Common Stock ,1712423899.00,Canada,2018, Medicinal Chemicals and Botanical Products ,Health Care,7,1,6,False
172,TMUS,110,135.056323024055,137.585,10.959680960976389,101.62,152.41,2.6816168384879724,2.4549999999999983,0.5999999999999943,9.02000000000001,0.02013482501740923,0.018274563735403915,0.004172171615325737,0.07324995939580974,False,0.11307539783518038,False,TMUS,T-Mobile US Inc. Common Stock,164351074891.00,United States,,Telecommunications Equipment,Telecommunications,48,138,11,True
173,TRMB,106,63.21950171821306,58.695,14.098098317548168,40.82,95.72,1.7244501718213057,1.480000000000004,0.4099999999999966,6.689999999999998,0.027388944078819057,0.024208764162629494,0.007593998888683026,0.1630859375,False,0.10366077702231809,False,TRMB,Trimble Inc. Common Stock,12219909233.00,United States,1990,Industrial Machinery/Components,Industrials,48,68,7,True
174,TROW,171,135.50633161512027,119.4,37.802740265602935,88.39,223.87,3.5622218213058416,3.1500000000000057,0.9099999999999966,14.030000000000001,0.026724766915626825,0.023550896322950203,0.008356954354413098,0.09955876454071408,False,0.09856420530858494,False,TROW,T. Rowe Price Group Inc. Common Stock,23223514550.00,United States,1986,Investment Bankers/Brokers/Service,Finance,48,71,5,True
175,TSCO,132,213.13018041237115,214.66,15.49463046775502,170.53,249.97,5.245201030927835,4.840000000000003,1.4799999999999898,19.859999999999985,0.02480218079826056,0.02237670062184816,0.00664272890484735,0.1093431701811374,False,0.1113836028446899,False,TSCO,Tractor Supply Company Common Stock,22089085283.00,United States,1994,RETAIL: Building Materials,Consumer Discretionary,48,119,2,True
176,TSLA,191,250.75218213058417,248.32999999999998,61.05208871278672,108.1,409.97,11.767884879725086,10.25,2.3000000000000114,54.329999999999984,0.04714873716584632,0.04299931697736982,0.008432012318070212,0.1592461236333792,True,0.2232771763342099,False,TSLA,Tesla Inc. Common Stock,763345669314.00,United States,2010,Auto Manufacturing,Consumer Discretionary,48,11,2,True
177,TTWO,137,137.18743986254296,137.135,22.227394832548132,93.57,192.91,3.8408625429553274,3.4350000000000023,0.710000000000008,16.409999999999997,0.028246262296534163,0.02495114106923184,0.005680454436354973,0.09565031527198892,False,0.13386958293240012,False,TTWO,Take-Two Interactive Software Inc. Common Stock,23399283353.00,United States,1997,Computer Software: Prepackaged Software,Technology,48,36,10,True
178,TXG,80,70.32367697594502,50.905,45.124724303061626,24.4,190.92,3.8092802405498283,2.7825000000000024,0.8400000000000034,20.639999999999986,0.057506254161077235,0.05190246332059134,0.017804698972099832,0.19404630650496135,False,0.14446701432283582,False,TXG,10x Genomics Inc. Class A Common Stock,4848198097.00,United States,2019,Biotechnology: Laboratory Analytical Instruments,Industrials,48,20,7,True
179,TXN,140,173.47449312714775,173.89999999999998,12.633025461693189,140.5,201.29,3.8806082474226806,3.5800000000000125,1.2150000000000034,11.670000000000016,0.022487018208541307,0.020326514501732208,0.007285782165672327,0.07010496306854991,True,0.12221277730644098,False,TXN,Texas Instruments Incorporated Common Stock,143585794952.00,United States,,Semiconductors,Technology,48,131,10,True
180,TXRH,47,94.6204381443299,93.535,10.652771145073828,69.6,117.27,2.598207731958763,2.3349999999999937,0.8700000000000045,12.690000000000012,0.02829765282720564,0.025325862719275463,0.008544574195385984,0.17820530824322445,False,0.07521629842650293,False,TXRH,Texas Roadhouse Inc. Common Stock,6234303175.00,United States,2004,Restaurants,Consumer Discretionary,48,126,2,True
181,UAL,182,44.315000000000005,44.35,5.497573615937361,31.2,57.61,1.5760329896907217,1.4399999999999977,0.46000000000000085,5.629999999999999,0.03620855606744533,0.03294819858806798,0.008469895046952695,0.18044871794871792,False,0.11342043099323637,False,UAL,United Airlines Holdings Inc. Common Stock,13785029031.00,United States,,Air Freight/Delivery Services,Consumer Discretionary,48,6,2,True
182,ULTA,20,422.5716151202749,405.55,51.881676187060286,342.08,551.43,10.818781786941582,9.670000000000016,3.5100000000000477,39.01999999999998,0.026210301603555846,0.02341981765544718,0.008887274951263287,0.11134255956627188,False,0.22675506149862476,False,ULTA,Ulta Beauty Inc. Common Stock,19319291014.00,United States,2007,Other Specialty Stores,Consumer Discretionary,48,105,2,True
183,UTHR,125,219.77233676975945,220.635,25.069172771469223,166.16,280.43,5.912573883161511,5.209999999999994,2.2199999999999704,29.039999999999992,0.02715954283555419,0.023871080346854187,0.008281419032342188,0.138193585228895,False,0.0979103495027243,False,UTHR,United Therapeutics Corporation Common Stock,10910430821.00,United States,1999,Biotechnology: Pharmaceutical Preparations,Health Care,48,21,6,True
184,VRSK,149,201.3581529209622,198.09,22.863145860139504,158.23,248.49,3.9247577319587643,3.6200000000000045,0.9200000000000159,13.02000000000001,0.019803424898155772,0.01814115420997984,0.004666024243039083,0.058582677165354376,True,0.09030804176005891,False,VRSK,Verisk Analytics Inc. Common Stock,34752838701.00,United States,2009,EDP Services,Technology,48,49,10,True
185,VRTX,77,283.1908676975945,290.4,55.731379533377016,177.01,385.76,6.372902061855671,5.697499999999991,1.759999999999991,24.30000000000001,0.02266129109431463,0.02029438212600796,0.007291369980062666,0.0844072388759596,False,0.12469532871681203,False,VRTX,Vertex Pharmaceuticals Incorporated Common Stock,90242852065.00,United States,1991,Biotechnology: Pharmaceutical Preparations,Health Care,48,21,6,True
186,VTRS,134,11.214948453608248,10.76,1.8236533231734402,8.48,15.4,0.2994556701030928,0.2699999999999996,0.09999999999999964,2.8599999999999994,0.026953448948464357,0.023821860350357774,0.010204081632653104,0.25976385104450495,False,0.08176924859857161,False,VTRS,Viatris Inc. Common Stock,11503516627.00,United States,, Medicinal Chemicals and Botanical Products ,Health Care,48,1,6,True
187,WBA,104,38.35725085910653,38.120000000000005,8.806221982972131,20.17,54.33,0.9522828178694157,0.8500000000000014,0.25500000000000256,6.550000000000004,0.025179547278679895,0.0226114511840722,0.008274720728175394,0.12901319676974599,False,0.1256355610880164,False,WBA,Walgreens Boots Alliance Inc. Common Stock,18135966034.00,United States,,Retail-Drug Stores and Proprietary Stores,Consumer Staples,48,128,3,True
188,WBD,79,17.270721649484535,14.2,6.48043193787184,8.87,31.18,0.8031960481099656,0.6799999999999997,0.15000000000000036,3.919999999999998,0.04668346076541073,0.041920663032329185,0.013955342902711382,0.14956855225311605,True,0.16922030018986206,False,WBD,Warner Bros. Discovery Inc. Series A Common Stock ,26884349932.00,United States,,Cable & Other Pay Television Services,Telecommunications,48,29,11,True
189,WDAY,48,207.79872852233677,211.85000000000002,42.85891804359567,132.63,300.9,6.292981099656358,5.609999999999999,1.9000000000000057,18.92999999999998,0.031124129628543048,0.028092345667685543,0.009011350836149436,0.0946241423509011,True,0.16191623990282886,False,WDAY,Workday Inc. Class A Common Stock,60472220000.00,United States,,EDP Services,Technology,48,49,10,True
190,WDC,128,46.23102233676976,44.915,9.48066016902115,30.21,68.76,1.565274054982818,1.3999999999999986,0.4350000000000023,9.119999999999997,0.0337979660748996,0.031098925252218895,0.01134289439374191,0.17564035546262433,False,0.11031670734975718,False,WDC,Western Digital Corporation Common Stock,14343684022.00,United States,,Electronic Components,Technology,48,53,10,True
191,WING,1,154.21339347079038,163.665,34.73948433676489,69.05,234.85,6.041795532646048,5.496000000000002,2.1129999999999995,25.29000000000002,0.04153325438156694,0.036745168497945985,0.00917180310790867,0.17212020033388986,False,0.11928235057756849,False,WING,Wingstop Inc. Common Stock,5362395592.00,United States,2015,Restaurants,Consumer Discretionary,48,126,2,True
192,XEL,148,66.96331615120275,67.505,4.996489697179851,55.03,77.41,1.289285910652921,1.1599999999999966,0.4399999999999977,3.719999999999999,0.019295113369613415,0.017311731294592042,0.006373117033603675,0.056915544675642575,False,0.06619965084292324,False,XEL,Xcel Energy Inc. Common Stock,31553188170.00,United States,,Power Generation,Utilities,48,112,12,True
193,XRAY,196,41.65914948453608,38.545,9.896384717238494,26.83,65.34,1.0443814432989689,0.9100000000000037,0.29999999999999716,3.8999999999999986,0.02572634646399553,0.02228784199174635,0.00799573560767583,0.11645161290322578,False,0.09967605250898345,False,XRAY,DENTSPLY SIRONA Inc. Common Stock,7221632965.00,United States,1987,Medical/Dental Instruments,Health Care,48,81,6,True
194,Z,59,49.87352233676976,45.239999999999995,18.148990087226505,26.97,110.24,2.2435398625429555,1.9471999999999987,0.6298999999999992,13.229999999999997,0.04577804995022294,0.04098306319404671,0.01272264631043268,0.20207728730716354,False,0.12714063873015546,False,Z,Zillow Group Inc. Class C Capital Stock,10728625121.00,United States,,Business Services,Consumer Discretionary,48,28,2,True
195,ZBRA,16,356.8129553264605,306.09000000000003,120.55636466597188,197.99,614.55,10.58591408934708,9.310000000000002,2.680000000000007,48.04000000000008,0.03047342327408574,0.02742365817251821,0.007358870967741927,0.11380612673101123,False,0.15095327138079156,False,ZBRA,Zebra Technologies Corporation Class A Common Stock,11597849811.00,United States,1991,Industrial Machinery/Components,Industrials,48,68,7,True
196,ZI,18,39.22910652920962,36.705,17.384028395694102,12.53,77.35,1.952285910652921,1.6400000000000006,0.23499999999999943,9.090000000000003,0.047947213935030056,0.04142152054115944,0.012829650748396274,0.2944423997055576,False,0.20599405665673906,False,ZI,ZoomInfo Technologies Inc Common Stock,6511835144.00,United States,2020,Computer Software: Prepackaged Software,Technology,48,36,10,True
197,ZION,93,49.6736941580756,52.334999999999994,13.47372619594795,19.93,74.31,1.6794302405498283,1.4750000000000014,0.5,14.7,0.03708793110512456,0.030399299852663302,0.008504847763225038,0.4904904904904905,False,0.17532779749212243,False,ZION,Zions Bancorporation N.A. Common Stock,4913974062.00,United States,,Major Banks,Finance,48,74,5,True
198,ZM,178,119.66777491408935,80.99000000000001,77.67809836642247,59.29,400.58,5.066122164948453,3.924999999999997,0.8843999999999994,26.5,0.04274273819523157,0.038015207961836314,0.01362698880377153,0.1183281870313188,True,0.14502835668189482,False,ZM,Zoom Video Communications Inc. Class A Common Stock,20260422143.00,United States,2019,Computer Software: Programming Data Processing,Technology,48,37,10,True
199,ZS,103,184.3666408934708,158.465,66.92735558479107,87.0,368.78,8.587376116838488,7.1875,2.0800000000000125,59.04000000000002,0.046919927347276506,0.041833766380941585,0.01154765971984966,0.18553785236164805,True,0.15788162142672157,False,ZS,Zscaler Inc. Common Stock,21909015237.00,United States,2018,EDP Services,Technology,48,49,10,True
